{
    "mean": [
        50.68532510627153,
        2675.999215931805,
        22.62609003697069,
        -1072594413.558587
    ],
    "scale": [
        12.055050662552203,
        763.5061237325001,
        15.310137162067534,
        818018605.0059636
    ],
    "features": [
        "rsi",
        "ema",
        "atr",
        "obv"
    ]
}